{
  "settings": {
    "showInterface": true,
    "folders": {
      "game": "D:\\Games\\osu!",
      "skin": "tranquil sublimity",
      "songs": "D:\\Games\\osu!\\Songs"
    }
  },
  "menu": {
    "mainMenu": {
      "bassDensity": 0
    },
    "state": 2,
    "gameMode": 0,
    "isChatEnabled": 0,
    "bm": {
      "time": {
        "firstObj": 232,
        "current": -1445,
        "full": 226857,
        "mp3": 230108
      },
      "id": 1580705,
      "set": 750689,
      "md5": "9149d39b64bba11d21bfaa13598fca58",
      "rankedStatus": 2,
      "metadata": {
        "artist": "Undead Corporation",
        "artistOriginal": "Undead Corporation",
        "title": "Artificial Sorrow (Off Vocal)",
        "titleOriginal": "Artificial Sorrow (Off Vocal)",
        "mapper": "Cloz1k",
        "difficulty": "Demon's Sorrow of Lye Oreleano"
      },
      "stats": {
        "AR": 9.7,
        "CS": 4.1,
        "OD": 9,
        "HP": 4.1,
        "SR": 7.14,
        "BPM": {
          "min": 240,
          "max": 240
        },
        "maxCombo": 2298,
        "fullSR": 7.14,
        "memoryAR": 9.7,
        "memoryCS": 4.1,
        "memoryOD": 9,
        "memoryHP": 4.1
      },
      "path": {
        "full": "750689 Undead Corporation - Artificial Sorrow (Off Vocal)\\death-note-ryuk-movie-wallpaper-2.jpg",
        "folder": "750689 Undead Corporation - Artificial Sorrow (Off Vocal)",
        "file": "Undead Corporation - Artificial Sorrow (Off Vocal) (Cloz1k) [Demon's Sorrow of Lye Oreleano].osu",
        "bg": "death-note-ryuk-movie-wallpaper-2.jpg",
        "audio": "audio.mp3"
      }
    },
    "mods": {
      "num": 0,
      "str": "NM"
    },
    "pp": {
      "100": 584,
      "99": 539,
      "98": 506,
      "97": 482,
      "96": 464,
      "95": 449,
      "strains": [
        188.03058851149774,
        237.01268196105957,
        275.24868673086166,
        274.06145332798815,
        288.52575068473817,
        318.7647595527845,
        337.53612065315247,
        315.2440686719171,
        284.28667376118324,
        280.3924560546875,
        264.9120127360026,
        238.5567260155311,
        251.81059722900392,
        276.25214672088623,
        308.5299826049805,
        325.48631910844284,
        343.83601506551105,
        361.10374641418457,
        382.4557526906331,
        389.66500663757324,
        393.7696641286214,
        392.40046946207684,
        392.8549289703369,
        394.09657287597656,
        390.3424377441406,
        376.0853523841271,
        363.37792083740237,
        356.150110244751,
        351.9120892116002,
        349.13357979910717,
        345.4909673418318,
        353.6042046180138,
        361.95896092167607,
        369.5424795150757,
        374.0202528635661,
        375.3301150004069,
        377.04053179423016,
        378.97709401448566,
        388.96620750427246,
        393.0830656687419,
        403.6890246073405,
        404.43971193753754,
        404.2507997710129,
        419.1924531998173,
        414.5737925562365,
        402.375629030425,
        375.92583352548104,
        355.3523178100586,
        315.4441135406494,
        241.99571838378907,
        224.9876997574516,
        231.85756397247314,
        236.47948837280273,
        238.08680884043375,
        241.77644634246826,
        248.3695044084029,
        239.23587999845805,
        225.64468819754464,
        236.97572326660156,
        257.04195139958307,
        285.240875516619,
        304.70636204310824,
        333.10692138671874,
        360.902222527398,
        383.7378657414363,
        392.05079078674316,
        397.7951494852702,
        398.5016212463379,
        397.3379834493001,
        394.7371203104655,
        394.0496406555176,
        388.6800020658053,
        376.8868672297551,
        377.05981826782227,
        363.09739868164064,
        352.4436117808024,
        327.2167219682173,
        303.32321281433104,
        269.61218558417426,
        220.25870561599731,
        210.69106427360984,
        212.21428146362305,
        224.70408630371094,
        241.47488085428873,
        250.7529795964559,
        253.5315316518148,
        255.94018077850342,
        255.48637355457652,
        241.1352410567434,
        226.07689049130394,
        240.33952522277832,
        254.4525327682495,
        257.55574765412706,
        260.66630487856656,
        263.3047589388761,
        267.07545381433823,
        231.80456366905798,
        211.9856953938802,
        233.70678550318667,
        258.4584474109468,
        271.1690924508231,
        270.5499138210131,
        284.15802086724176,
        304.89877149793836,
        303.08564227560294,
        286.55121116638185,
        271.36864585876464,
        260.10960107100635,
        224.05136057535807,
        150.7814620335897,
        130.09789403279623,
        115.37256971995036,
        109.47790241241455,
        119.24223868052165,
        145.36507606506348,
        187.6801676750183,
        195.12429308891296,
        195.9476215839386,
        195.65439867973328,
        195.53161668777466,
        189.56609807695662,
        151.54966831207275,
        160.88305337088448,
        195.94055485725403,
        199.88382697105408,
        197.52602529525757,
        196.87323546409607,
        195.14550352096558,
        189.3578496660505,
        152.45266564687094,
        166.6097207750593,
        202.48455357551575,
        206.12360882759094,
        205.25502181053162,
        203.3995599746704,
        203.3336317539215,
        209.45308918423123,
        201.44838018978342,
        199.34120631217957,
        215.37312660217285,
        248.6114740371704,
        269.9917947274667,
        313.75441399936017,
        323.7956235331874,
        348.0216233102899,
        366.51202459896314,
        367.2069725036621,
        361.4576903751918,
        343.5900979614258,
        340.95527350384253,
        324.5344379425049,
        332.90035320463636,
        351.8152968088786,
        365.2095578511556,
        383.5875663757324,
        389.4755439758301,
        392.3855857849121,
        390.67496426900226,
        391.62655957539874,
        393.25267028808594,
        389.93410873413086,
        375.8295091482309,
        362.3588168334961,
        363.2441370827811,
        365.1533380235945,
        363.95417049952914,
        362.2299611227853,
        372.2609734168419,
        381.92975023057727,
        383.24616559346515,
        381.81410535176593,
        381.8117618560791,
        381.84331766764325,
        383.2583541870117,
        392.08934847513837,
        391.282106252817,
        386.3612723717323,
        394.1628728594099,
        385.3139111328125,
        373.1989968617757,
        341.26900204745203,
        311.34322052001954,
        275.7749184502496,
        216.8228998184204,
        203.88051829618567,
        196.0036220550537,
        205.17928446894106,
        222.90138912200928,
        231.11171372731528,
        234.69402186075845,
        239.19890912373862,
        246.47181181474164,
        237.7016019319233,
        224.90663183303107,
        237.4146432876587,
        252.91594473520914,
        256.4777215045431,
        259.84497435196585,
        262.51847943392664,
        266.09458250157974,
        235.12326108492337,
        213.04078928629556,
        234.03949576929995,
        258.5322719755627,
        271.18514832996186,
        272.32216975999916,
        288.9479938083225,
        312.2920946393694,
        318.5417474599985,
        312.6682598876953,
        302.9321231079102,
        295.16989103953046,
        271.7565830230713,
        221.87111806869507,
        182.9891482761928,
        137.30131244659424,
        128.1541255315145,
        136.3867712020874,
        159.42941856384277,
        197.31744170188904,
        201.11161160469055,
        199.64117884635925,
        198.05541443824768,
        196.802339553833,
